pattern_name	sequence_name	start	stop	score	p-value	E-value	q-value	matched_sequence
cluster-60	chr2	25869324	25869447	18.9026	0.00096518	0.97386	0.49028	GAGGAAAGCAGGGTGAGGCCCAGGATCTGTCTGGTGAAGATGGATGGAGCAACCTGCCCATGTGCTGCTGACTGTACCCACACCCACATCCACCCATCACTGTGGCCAGGTGGTCAAAGATAAG
cluster-355	chr6	136416875	136417118	20.9017	0.00099072	0.99963	0.49028	AGAAAAAGGGAATGGGGGTGGGGTGGGTGGGAGATTGTTGTAGGACACTGGATTGAGGGAGGGCGGGAGGTGTAGAGAATGGGGCGGTTCCGCCCTAACAAAGAGGCAGAAACTGTGTCTCAACAGCCACCAAATCCAGTTCAGGGCGGTTTGAGCCAGTTTCTGAGCTGGATTGAGAACAACAGCCACAGGCTGAGACTTCACTAGGGTGAAATGGAAAATCTAGCATGGATTTTACAGACAG
cluster-262	chr5	65255972	65256132	20.9878	0.0028004	2.8256	0.60556	CAGACACCACCAGCCACTTCCCCACAGTCAGTCAGACCTGGGCCACTGGGTCCCCTGCCTTGTTGCTTGGCAGCTTTCTTCAAGGCCTGGCCTGGGCAGCCACACCCAACATTCTCACCACACCCTGTAATTCTCGCCACCCAGAAGTTCTTGCCACACCC
cluster-808	chr14	71023800	71023975	19.4982	0.0033417	3.3718	0.60556	CCGCACCCACCTTCAGCTGGCCGCCCCAGCCTTATCTGAGCCACCAGCCAGGCCCCACCTCAAACCACCCACCCTCTCATTTCCACGGCAACCAGAGCTTTGCAGCTCCCCAGGATATGGGTGATAAGACTTGCCCACAGGGATCTCCAGGTTGGCACCTACCCATCCCAGGCAGG
cluster-501	chr9	21940151	21940381	14.5603	0.0043452	4.3843	0.60556	CCTGCCCTGCCACTCCCTTGACTTTCTCTCTTTTTCTCCCTCCCCTCCGCCGCCGCCCACACCCGAGTGCTAGCTGTGGACCTAGGGGCTCTTGATCTACCACTGAGCCACACCCAAGTGTCCAGGCTTATCATCTTGCCTTAGCTTTTTCTGTAGCACATTATCAATGCCTGGCCAGTGTCTTGTGTATTTATCTTCTTTTTCCTTTCTCTCCACCTGCTTGGCTGTCTC
cluster-467	chr8	74937913	74938080	14.5311	0.0044066	4.4463	0.60556	CACAGCACCCAGCCCCACCCAGGGTTTCATGACTCCTCTGACAGCTCTGCTGTGAACATGCAGCCACGCCCTGGGATGCAGAATGAATGATAAGGCATGGGTGGGAGAGGTAATATGTCAGGGATCAGTCACTCTACCCAGGAATTCCCAAGCCAGGAACAGTGGCTG
cluster-492	chr8	122895779	122895932	19.6149	0.005114	5.1601	0.60556	CTGTCTCCAGATAAACCCTGAGGCCTGGGGTGGGGCCATGCTGCTCACGGCTTATCACTTCTGTCTGGTGCTTGTTCCCGCCACTCTGCACCCCAGCCTTATCTGTGTCCCCAGGCCTTCCTTTGCCCACAGCTCTGACTGCTATGGGGGCAGG
cluster-261	chr5	65203447	65203587	18.0491	0.0054059	5.4546	0.60556	GGGTGTGGGCAGAATCTTATCTGAAGCTATGTCCTGTTTGGACAAGTTGGACTCGCCCTGGCAACTCTCCATGGGGTGGAGCCGATGGGTGGAGGCAGAAAAGTAAAATTGGGTGGCTTGTTCACGGAGAGGGGAGGGCGG
cluster-137	chr3	97461942	97462123	18.354	0.0055065	5.5561	0.60556	TGGGCGGACAGTTCACAGCCCTAATCCCGACCCGGACCCCACCCTCGGCCCCGCCCCAAGCCGGAGCTGCGCACGCACCCACCACAGAGGCGGTGCTGGTGGCTAGAGAGGCAGGCGACCCAGGCTGAGGAGGGGGCGGGGCTGGAGCGCAGGGGGCGGAACAAGAGGCTCGGTGGGCGGGG
cluster-187	chr4	118241407	118241641	17.7641	0.0074808	7.5481	0.7404	GGGTGGGGGCGGCAGGAATGGGGCCAGGCCCTCTGAAGTGTCTGCTGAGGATCCTGGGACCTGGGTGTGGGAGCTCATTAAGCACTATCTTTGCCAACACTGTGGGTGTGGTTCAATCTGGACCAAGAGATAAGGGTACGACCTGAGGCACCAGAAAGGAAGACGAGGCAGGTGGAGACTGGCCAGACACGTCCCAGGAGGAGGGAAGAATAAAAGGCAGCAAAGCTGGGTGGGG
cluster-1009	chr19	56466261	56466372	13.2404	0.0092545	9.3377	0.76784	AGATAAGGCTGGGTGTGGGGAAGTCAGCCAGAGCGGAGGAAGCTGCATAGCAAGAAGCAGAGACTGGGGTGGGGCTAGGGCAGTGTCTCACTAAGCAGAGGTTGGGGTGGGG
cluster-865	chr16	8687059	8687229	17.9013	0.0093096	9.3934	0.76784	CCCCACCCTCTGTGACAGCCTTATCACTGGAGTGGACAGGTGGGTGTGGCGTGCCATGGCTGTGCTATCAGCAGCCACCATGGCAGGCCTCTGTGCCCACTCCCAGCCTACTGCTGCCAGCCCTGCCCAGCAGGTCCACCTTGGAAATCTGCCCTGCAGCTGGTCTGGGGA

# MCAST (Motif Cluster Alignment and Search Tool): Version 5.0.3 compiled on Jan 18 2019 at 17:34:19
# The format of this file is described at http://localhost:8080/meme_5.0.3/doc/mcast-output-format.html.
# mcast -oc mcast_example_output_files -parse-genomic-coord Klf1.dreme Klf1.fna
