"","fb_gene_id","fb_symbol","fb_cg_id","group"
"38","FBgn0000043","Act42A","CG12051","lola_promoters"
"47","FBgn0000052","Pfas","CG9127","lola_promoters"
"67","FBgn0000064","Ald","CG6058","lola_promoters"
"158","FBgn0000182","BicC","CG4824","lola_promoters"
"249","FBgn0000318","cl","CG11024","lola_promoters"
"258","FBgn0000337","cn","CG1555","lola_promoters"
"325","FBgn0000454","Dip-B","CG9285","lola_promoters"
"420","FBgn0000568","Eip75B","CG8127","lola_promoters"
"533","FBgn0001092","Gapdh2","CG8893","lola_promoters"
"535","FBgn0001098","Gdh","CG5320","lola_promoters"
"547","FBgn0001112","Gld","CG1152","lola_promoters"
"564","FBgn0001125","Got2","CG4233","lola_promoters"
"640","FBgn0001229","Hsp67Bc","CG4190","lola_promoters"
"660","FBgn0001248","Idh","CG7176","lola_promoters"
"766","FBgn0001991","Ca-alpha1D","CG4894","lola_promoters"
"848","FBgn0002567","Rab32","CG8024","lola_promoters"
"910","FBgn0002772","Mlc1","CG5596","lola_promoters"
"987","FBgn0002921","Atpalpha","CG5670","lola_promoters"
"1060","FBgn0003071","Pfk","CG4001","lola_promoters"
"1066","FBgn0003079","Raf","CG2845","lola_promoters"
"1129","FBgn0003162","Pu","CG9441","lola_promoters"
"1271","FBgn0003380","Sh","CG12348","lola_promoters"
"1306","FBgn0003401","shu","CG4735","lola_promoters"
"1470","FBgn0003744","trc","CG8637","lola_promoters"
"1491","FBgn0003870","ttk","CG1856","lola_promoters"
"1682","FBgn0004369","Ptp99A","CG11516","lola_promoters"
"1688","FBgn0004373","fwd","CG7004","lola_promoters"
"1810","FBgn0004611","Plc21C","CG4574","lola_promoters"
"1860","FBgn0004654","Pgd","CG3724","lola_promoters"
"1936","FBgn0004865","Eip78C","CG18023","lola_promoters"
"2003","FBgn0004914","Hnf4","CG9310","lola_promoters"
"2128","FBgn0005660","Ets21C","CG2914","lola_promoters"
"2181","FBgn0010051","Itp-r83A","CG1063","lola_promoters"
"2325","FBgn0010387","Dbi","CG8627","lola_promoters"
"2394","FBgn0010482","l(2)01289","CG9432","lola_promoters"
"2531","FBgn0011259","Sema1a","CG18405","lola_promoters"
"2545","FBgn0011274","Dif","CG6794","lola_promoters"
"2619","FBgn0011589","Elk","CG5076","lola_promoters"
"2674","FBgn0011676","Nos","CG6713","lola_promoters"
"2739","FBgn0011770","Gip","CG2227","lola_promoters"
"2889","FBgn0012034","AcCoAS","CG9390","lola_promoters"
"3027","FBgn0013733","shot","CG18076","lola_promoters"
"3080","FBgn0013972","Gycalpha99B","CG1912","lola_promoters"
"3081","FBgn0013973","Gycbeta100B","CG1470","lola_promoters"
"3114","FBgn0014018","Rel","CG11992","lola_promoters"
"3141","FBgn0014073","Tie","CG7525","lola_promoters"
"3185","FBgn0014396","tim","CG3234","lola_promoters"
"3314","FBgn0015321","Ubc4","CG8284","lola_promoters"
"3388","FBgn0015577","alpha-Est9","CG1128","lola_promoters"
"3413","FBgn0015614","CanB2","CG11217","lola_promoters"
"3557","FBgn0016078","wun","CG8804","lola_promoters"
"3757","FBgn0020248","stet","CG33166","lola_promoters"
"4028","FBgn0022160","Gpo1","CG8256","lola_promoters"
"4057","FBgn0022382","Pka-R2","CG15862","lola_promoters"
"4066","FBgn0022709","Adk1","CG17146","lola_promoters"
"4119","FBgn0023083","fray","CG7693","lola_promoters"
"4125","FBgn0023094","cyc","CG8727","lola_promoters"
"4145","FBgn0023179","amon","CG6438","lola_promoters"
"4185","FBgn0023507","D2hgdh","CG3835","lola_promoters"
"4361","FBgn0024732","Drep1","CG8357","lola_promoters"
"4393","FBgn0024913","Actbeta","CG11062","lola_promoters"
"4457","FBgn0025352","Thiolase","CG4581","lola_promoters"
"4469","FBgn0025382","Rab27","CG14791","lola_promoters"
"4495","FBgn0025469","slv","CG8717","lola_promoters"
"4562","FBgn0025642","CG32812","CG32812","lola_promoters"
"4594","FBgn0025702","Srpk79D","CG11489","lola_promoters"
"4795","FBgn0026263","bip1","CG7574","lola_promoters"
"4918","FBgn0026602","Ady43A","CG1851","lola_promoters"
"4968","FBgn0026872","CG14777","CG14777","lola_promoters"
"5046","FBgn0027339","jim","CG11352","lola_promoters"
"5119","FBgn0027529","tapas","CG8920","lola_promoters"
"5133","FBgn0027547","CG1927","CG1927","lola_promoters"
"5140","FBgn0027552","CG10863","CG10863","lola_promoters"
"5195","FBgn0027596","Kank","CG10249","lola_promoters"
"5210","FBgn0027600","obst-B","CG4778","lola_promoters"
"5345","FBgn0028369","kirre","CG3653","lola_promoters"
"5444","FBgn0028496","CG30116","CG30116","lola_promoters"
"5479","FBgn0028527","CG18507","CG18507","lola_promoters"
"5610","FBgn0028743","Dhit","CG5036","lola_promoters"
"5663","FBgn0028886","CG15279","CG15279","lola_promoters"
"6055","FBgn0029823","Shmt","CG3011","lola_promoters"
"6071","FBgn0029835","CG5921","CG5921","lola_promoters"
"6088","FBgn0029849","Efr","CG3774","lola_promoters"
"6102","FBgn0029864","CG15894","CG15894","lola_promoters"
"6139","FBgn0029894","CG14440","CG14440","lola_promoters"
"6172","FBgn0029922","CG14431","CG14431","lola_promoters"
"6312","FBgn0030052","CG12065","CG12065","lola_promoters"
"6723","FBgn0030478","CG1640","CG1640","lola_promoters"
"6827","FBgn0030581","CG14408","CG14408","lola_promoters"
"6883","FBgn0030634","CG9164","CG9164","lola_promoters"
"6989","FBgn0030723","dpr18","CG14948","lola_promoters"
"7223","FBgn0030932","Ggt-1","CG6461","lola_promoters"
"7262","FBgn0030976","CG7378","CG7378","lola_promoters"
"7518","FBgn0031191","Cp110","CG14617","lola_promoters"
"7547","FBgn0031228","ND-15","CG11455","lola_promoters"
"7624","FBgn0031294","IA-2","CG31795","lola_promoters"
"7680","FBgn0031359","Rim2","CG18317","lola_promoters"
"7694","FBgn0031374","Wdr62","CG7337","lola_promoters"
"7703","FBgn0031381","Npc2a","CG7291","lola_promoters"
"7751","FBgn0031424","VGlut","CG9887","lola_promoters"
"7753","FBgn0031426","CG18641","CG18641","lola_promoters"
"7861","FBgn0031518","CG3277","CG3277","lola_promoters"
"8169","FBgn0031811","CG13982","CG13982","lola_promoters"
"8179","FBgn0031816","Rchy1","CG16947","lola_promoters"
"8231","FBgn0031858","CG17378","CG17378","lola_promoters"
"8626","FBgn0032218","CG5381","CG5381","lola_promoters"
"8805","FBgn0032400","CG6770","CG6770","lola_promoters"
"8988","FBgn0032603","CG17928","CG17928","lola_promoters"
"8994","FBgn0032614","CG13284","CG13284","lola_promoters"
"9037","FBgn0032651","Oli","CG5545","lola_promoters"
"9049","FBgn0032666","CG5758","CG5758","lola_promoters"
"9094","FBgn0032713","CG17323","CG17323","lola_promoters"
"9103","FBgn0032723","ssp3","CG18397","lola_promoters"
"9179","FBgn0032797","Hasp","CG10186","lola_promoters"
"9183","FBgn0032798","CG10132","CG10132","lola_promoters"
"9193","FBgn0032805","CG10337","CG10337","lola_promoters"
"9205","FBgn0032817","CG10631","CG10631","lola_promoters"
"9227","FBgn0032840","sNPF","CG13968","lola_promoters"
"9244","FBgn0032856","CG16798","CG16798","lola_promoters"
"9440","FBgn0033075","Pld","CG12110","lola_promoters"
"9483","FBgn0033127","Tsp42Ef","CG12845","lola_promoters"
"9484","FBgn0033128","Tsp42Eg","CG12142","lola_promoters"
"9610","FBgn0033250","CG14762","CG14762","lola_promoters"
"9709","FBgn0033368","CG13743","CG13743","lola_promoters"
"9740","FBgn0033402","Myd88","CG2078","lola_promoters"
"9765","FBgn0033438","Mmp2","CG1794","lola_promoters"
"9870","FBgn0033538","CG11883","CG11883","lola_promoters"
"9919","FBgn0033584","CG7737","CG7737","lola_promoters"
"9988","FBgn0033663","ERp60","CG8983","lola_promoters"
"9991","FBgn0033668","exp","CG13188","lola_promoters"
"10069","FBgn0033744","Dh44-R2","CG12370","lola_promoters"
"10252","FBgn0033919","CG8547","CG8547","lola_promoters"
"10257","FBgn0033926","Arc1","CG12505","lola_promoters"
"10258","FBgn0033928","Arc2","CG13941","lola_promoters"
"10273","FBgn0033945","CG12868","CG12868","lola_promoters"
"10437","FBgn0034098","krimp","CG15707","lola_promoters"
"10463","FBgn0034135","Syn2","CG4905","lola_promoters"
"10494","FBgn0034162","CG6426","CG6426","lola_promoters"
"10691","FBgn0034389","Mctp","CG15078","lola_promoters"
"10700","FBgn0034396","CG15097","CG15097","lola_promoters"
"10704","FBgn0034398","CG15098","CG15098","lola_promoters"
"10710","FBgn0034405","Jheh2","CG15102","lola_promoters"
"10720","FBgn0034417","CG15117","CG15117","lola_promoters"
"10896","FBgn0034583","CG10527","CG10527","lola_promoters"
"11019","FBgn0034720","Liprin-gamma","CG11206","lola_promoters"
"11033","FBgn0034729","CG10344","CG10344","lola_promoters"
"11165","FBgn0034883","Eglp2","CG17664","lola_promoters"
"11184","FBgn0034903","sona","CG9850","lola_promoters"
"11227","FBgn0034951","CG3860","CG3860","lola_promoters"
"11255","FBgn0034978","CG3257","CG3257","lola_promoters"
"11267","FBgn0034997","CG3376","CG3376","lola_promoters"
"11306","FBgn0035025","uri","CG11416","lola_promoters"
"11335","FBgn0035049","Mmp1","CG4859","lola_promoters"
"11577","FBgn0035279","Cpr62Ba","CG13934","lola_promoters"
"11602","FBgn0035299","CG11815","CG11815","lola_promoters"
"11616","FBgn0035321","CG1275","CG1275","lola_promoters"
"11657","FBgn0035382","Or63a","CG9969","lola_promoters"
"11679","FBgn0035400","CG11537","CG11537","lola_promoters"
"11711","FBgn0035425","CG17746","CG17746","lola_promoters"
"11722","FBgn0035431","CG14968","CG14968","lola_promoters"
"11759","FBgn0035477","CG14982","CG14982","lola_promoters"
"11793","FBgn0035497","CG14995","CG14995","lola_promoters"
"11796","FBgn0035499","Chd64","CG14996","lola_promoters"
"11808","FBgn0035515","CG14997","CG14997","lola_promoters"
"11830","FBgn0035538","DopEcR","CG18314","lola_promoters"
"12005","FBgn0035719","tow","CG14821","lola_promoters"
"12284","FBgn0036008","CG3408","CG3408","lola_promoters"
"12547","FBgn0036288","CG10660","CG10660","lola_promoters"
"12554","FBgn0036294","CG10654","CG10654","lola_promoters"
"12584","FBgn0036324","CG12520","CG12520","lola_promoters"
"12712","FBgn0036461","Zip71B","CG10006","lola_promoters"
"12796","FBgn0036551","CG17029","CG17029","lola_promoters"
"13018","FBgn0036770","Prestin","CG5485","lola_promoters"
"13021","FBgn0036773","CG13698","CG13698","lola_promoters"
"13099","FBgn0036837","CG18135","CG18135","lola_promoters"
"13117","FBgn0036851","CG14082","CG14082","lola_promoters"
"13313","FBgn0037016","CG13252","CG13252","lola_promoters"
"13363","FBgn0037060","CG10508","CG10508","lola_promoters"
"13435","FBgn0037130","Syn1","CG7152","lola_promoters"
"13545","FBgn0037239","Sfxn1-3","CG11739","lola_promoters"
"13580","FBgn0037282","CG14657","CG14657","lola_promoters"
"13684","FBgn0037391","CG2017","CG2017","lola_promoters"
"13795","FBgn0037518","CG2641","CG2641","lola_promoters"
"13949","FBgn0037655","Kcmf1","CG11984","lola_promoters"
"13996","FBgn0037697","GstZ2","CG9363","lola_promoters"
"14019","FBgn0037717","CG8301","CG8301","lola_promoters"
"14060","FBgn0037754","CG8500","CG8500","lola_promoters"
"14193","FBgn0037913","fabp","CG6783","lola_promoters"
"14217","FBgn0037936","CG6908","CG6908","lola_promoters"
"14263","FBgn0037989","ATP8B","CG14741","lola_promoters"
"14525","FBgn0038273","CG14860","CG14860","lola_promoters"
"14533","FBgn0038282","dpr9","CG33485","lola_promoters"
"14645","FBgn0038404","CG8925","CG8925","lola_promoters"
"14646","FBgn0038405","CG8927","CG8927","lola_promoters"
"14850","FBgn0038610","CG7675","CG7675","lola_promoters"
"14905","FBgn0038679","CG6040","CG6040","lola_promoters"
"15055","FBgn0038828","CG17270","CG17270","lola_promoters"
"15065","FBgn0038837","KaiR1D","CG3822","lola_promoters"
"15101","FBgn0038874","ETHR","CG5911","lola_promoters"
"15427","FBgn0039203","CG13618","CG13618","lola_promoters"
"15432","FBgn0039207","CG5789","CG5789","lola_promoters"
"15435","FBgn0039209","REPTOR","CG13624","lola_promoters"
"15643","FBgn0039430","CG5455","CG5455","lola_promoters"
"15645","FBgn0039431","plum","CG6490","lola_promoters"
"15731","FBgn0039525","CG5646","CG5646","lola_promoters"
"15942","FBgn0039737","CG7920","CG7920","lola_promoters"
"15968","FBgn0039758","CG9737","CG9737","lola_promoters"
"16250","FBgn0040064","yip2","CG4600","lola_promoters"
"16302","FBgn0040233","cana","CG33694","lola_promoters"
"16392","FBgn0040348","CG3703","CG3703","lola_promoters"
"16500","FBgn0040551","CG11686","CG11686","lola_promoters"
"16558","FBgn0040696","CG18675","CG18675","lola_promoters"
"16682","FBgn0040985","CG6115","CG6115","lola_promoters"
"16736","FBgn0041181","Tep3","CG7068","lola_promoters"
"16794","FBgn0041585","olf186-F","CG11430","lola_promoters"
"16829","FBgn0041713","yellow-c","CG4182","lola_promoters"
"16884","FBgn0042135","CG18812","CG18812","lola_promoters"
"17104","FBgn0045761","CHKov1","CG10618","lola_promoters"
"17200","FBgn0050000","GstT1","CG30000","lola_promoters"
"17298","FBgn0050147","Hil","CG30147","lola_promoters"
"17592","FBgn0051036","CG31036","CG31036","lola_promoters"
"17615","FBgn0051075","CG31075","CG31075","lola_promoters"
"17635","FBgn0051100","CG31100","CG31100","lola_promoters"
"17670","FBgn0051143","tRNA:Leu-CAA-2-3","CR31143","lola_promoters"
"17697","FBgn0051176","CG31176","CG31176","lola_promoters"
"17867","FBgn0051472","sgll","CG31472","lola_promoters"
"17914","FBgn0051549","CG31549","CG31549","lola_promoters"
"17944","FBgn0051619","nolo","CG31619","lola_promoters"
"17955","FBgn0051633","CG31633","CG31633","lola_promoters"
"17967","FBgn0051638","CG31638","CG31638","lola_promoters"
"17991","FBgn0051674","CG31674","CG31674","lola_promoters"
"18040","FBgn0051729","CG31729","CG31729","lola_promoters"
"18055","FBgn0051759","CG31759","CG31759","lola_promoters"
"18057","FBgn0051760","CG31760","CG31760","lola_promoters"
"18233","FBgn0052017","CG32017","CG32017","lola_promoters"
"18277","FBgn0052082","IRSp53","CG32082","lola_promoters"
"18278","FBgn0052085","CG32085","CG32085","lola_promoters"
"18396","FBgn0052264","CG32264","CG32264","lola_promoters"
"18491","FBgn0052412","QC","CG32412","lola_promoters"
"18545","FBgn0052473","CG32473","CG32473","lola_promoters"
"18599","FBgn0052547","CG32547","CG32547","lola_promoters"
"18657","FBgn0052644","Mur11Da","CG32644","lola_promoters"
"18659","FBgn0052647","CG32647","CG32647","lola_promoters"
"18913","FBgn0053138","AGBE","CG33138","lola_promoters"
"19216","FBgn0053523","CG33523","CG33523","lola_promoters"
"19463","FBgn0053970","CG33970","CG33970","lola_promoters"
"19757","FBgn0082585","sprt","CG30023","lola_promoters"
"19903","FBgn0083942","CG34106","CG34106","lola_promoters"
"20196","FBgn0085404","CG34375","CG34375","lola_promoters"
"20211","FBgn0085412","CG34383","CG34383","lola_promoters"
"20219","FBgn0085414","dpr12","CG34385","lola_promoters"
"20246","FBgn0085426","Rgk3","CG34397","lola_promoters"
"20457","FBgn0086254","CG6084","CG6084","lola_promoters"
"20466","FBgn0086355","Tpi","CG2171","lola_promoters"
"20561","FBgn0086674","Tango13","CG32632","lola_promoters"
"20589","FBgn0086687","Desat1","CG5887","lola_promoters"
"20617","FBgn0086711","mol","CG4482","lola_promoters"
"20621","FBgn0086758","chinmo","CG31666","lola_promoters"
"20656","FBgn0086913","Rab26","CG34410","lola_promoters"
"20719","FBgn0250785","vari","CG9326","lola_promoters"
"20888","FBgn0259174","Nedd4","CG42279","lola_promoters"
"21140","FBgn0259822","Ca-beta","CG42403","lola_promoters"
"21346","FBgn0260446","GABA-B-R1","CG15274","lola_promoters"
"21391","FBgn0260499","qvr","CG33472","lola_promoters"
"21393","FBgn0260632","dl","CG6667","lola_promoters"
"21416","FBgn0260653","serp","CG32209","lola_promoters"
"21423","FBgn0260657","CG42540","CG42540","lola_promoters"
"21431","FBgn0260660","Mp","CG42543","lola_promoters"
"21558","FBgn0260943","Rbp6","CG32169","lola_promoters"
"21608","FBgn0261015","Pif1A","CG42599","lola_promoters"
"21639","FBgn0261085","Syt12","CG10617","lola_promoters"
"21653","FBgn0261113","Xrp1","CG17836","lola_promoters"
"21670","FBgn0261244","inaE","CG33174","lola_promoters"
"21813","FBgn0261547","Exn","CG42665","lola_promoters"
"21852","FBgn0261556","CG42674","CG42674","lola_promoters"
"21980","FBgn0261673","nemy","CG8776","lola_promoters"
"21997","FBgn0261698","SLO2","CG42732","lola_promoters"
"22003","FBgn0261703","gce","CG42739","lola_promoters"
"22056","FBgn0261804","CG42750","CG42750","lola_promoters"
"22092","FBgn0261836","Msp300","CG42768","lola_promoters"
"22133","FBgn0261862","whd","CG12891","lola_promoters"
"22141","FBgn0261873","sdt","CG32717","lola_promoters"
"22149","FBgn0261885","osa","CG7467","lola_promoters"
"22197","FBgn0261985","Ptpmeg","CG1228","lola_promoters"
"22211","FBgn0261995","CG42813","CG42813","lola_promoters"
"22238","FBgn0262026","CG42837","CG42837","lola_promoters"
"22429","FBgn0262378","mir-317","CR42900","lola_promoters"
"22584","FBgn0262559","Mdh2","CG7998","lola_promoters"
"22604","FBgn0262579","Ect4","CG43119","lola_promoters"
"22729","FBgn0262738","norpA","CG3620","lola_promoters"
"22737","FBgn0262739","AGO1","CG6671","lola_promoters"
"22842","FBgn0262888","asRNA:CR43243","CR43243","lola_promoters"
"22888","FBgn0262975","cnc","CG43286","lola_promoters"
"23036","FBgn0263111","cac","CG43368","lola_promoters"
"23060","FBgn0263131","CG43373","CG43373","lola_promoters"
"23116","FBgn0263241","Mocs1","CG33048","lola_promoters"
"23268","FBgn0263413","lncRNA:CR43459","CR43459","lola_promoters"
"23438","FBgn0263598","Vha68-2","CG3762","lola_promoters"
"23494","FBgn0263660","lncRNA:CR43651","CR43651","lola_promoters"
"23637","FBgn0263980","CG43729","CG43729","lola_promoters"
"23641","FBgn0263981","asRNA:CR43730","CR43730","lola_promoters"
"23669","FBgn0263996","CG43739","CG43739","lola_promoters"
"24022","FBgn0264574","Glut1","CG43946","lola_promoters"
"24045","FBgn0264607","CaMKII","CG18069","lola_promoters"
"24049","FBgn0264618","lncRNA:CR43958","CR43958","lola_promoters"
"24058","FBgn0264679","asRNA:CR43964","CR43964","lola_promoters"
"24151","FBgn0264815","Pde1c","CG44007","lola_promoters"
"24260","FBgn0264907","CG44098","CG44098","lola_promoters"
"24286","FBgn0264951","lncRNA:CR44120","CR44120","lola_promoters"
"24475","FBgn0265182","CG44247","CG44247","lola_promoters"
"24759","FBgn0265611","asRNA:CR44429","CR44429","lola_promoters"
"25256","FBgn0266094","lncRNA:CR44831","CR44831","lola_promoters"
"25274","FBgn0266115","asRNA:CR44841","CR44841","lola_promoters"
"25443","FBgn0266322","asRNA:CR44987","CR44987","lola_promoters"
"25467","FBgn0266354","CG45002","CG45002","lola_promoters"
"25494","FBgn0266377","Pde8","CG45019","lola_promoters"
"25548","FBgn0266418","wake","CG45058","lola_promoters"
"25619","FBgn0266526","CG45093","CG45093","lola_promoters"
"25849","FBgn0266757","mfr","CG5747","lola_promoters"
"25854","FBgn0266758","Esyt2","CG6643","lola_promoters"
"25911","FBgn0266819","asRNA:CR45281","CR45281","lola_promoters"
"25949","FBgn0266851","lncRNA:CR45312","CR45312","lola_promoters"
"26065","FBgn0266971","lncRNA:CR45422","CR45422","lola_promoters"
"26173","FBgn0267073","lncRNA:CR45517","CR45517","lola_promoters"
"26272","FBgn0267171","asRNA:CR45611","CR45611","lola_promoters"
"26366","FBgn0267253","CG32700","CG32700","lola_promoters"
"26646","FBgn0267601","lncRNA:CR45939","CR45939","lola_promoters"
"26721","FBgn0267676","asRNA:CR46012","CR46012","lola_promoters"
"27027","FBgn0283427","FASN1","CG3523","lola_promoters"
"2","FBgn0000008","a","CG6741","control_promoters"
"17","FBgn0000018","abo","CG6093","control_promoters"
"48","FBgn0000053","Gart","CG31628","control_promoters"
"121","FBgn0000119","arr","CG5912","control_promoters"
"140","FBgn0000157","Dll","CG3629","control_promoters"
"143","FBgn0000163","baz","CG5055","control_promoters"
"149","FBgn0000179","bi","CG3578","control_promoters"
"154","FBgn0000180","bib","CG4722","control_promoters"
"160","FBgn0000183","BicD","CG6605","control_promoters"
"176","FBgn0000233","btd","CG12653","control_promoters"
"181","FBgn0000244","by","CG9379","control_promoters"
"193","FBgn0000251","cad","CG1759","control_promoters"
"196","FBgn0000253","Cam","CG8472","control_promoters"
"215","FBgn0000273","Pka-C1","CG4379","control_promoters"
"254","FBgn0000320","eya","CG9554","control_promoters"
"289","FBgn0000395","cv-2","CG15671","control_promoters"
"330","FBgn0000459","disco","CG9908","control_promoters"
"332","FBgn0000463","Dl","CG3619","control_promoters"
"360","FBgn0000492","Dr","CG1897","control_promoters"
"382","FBgn0000542","ec","CG2904","control_promoters"
"387","FBgn0000546","EcR","CG1765","control_promoters"
"391","FBgn0000547","ed","CG12676","control_promoters"
"403","FBgn0000560","eg","CG7383","control_promoters"
"423","FBgn0000576","ems","CG2988","control_promoters"
"424","FBgn0000577","en","CG9015","control_promoters"
"445","FBgn0000606","eve","CG2328","control_promoters"
"460","FBgn0000633","CG17716","CG17716","control_promoters"
"466","FBgn0000636","Fas3","CG5803","control_promoters"
"476","FBgn0000658","fj","CG10917","control_promoters"
"490","FBgn0000719","fog","CG9559","control_promoters"
"499","FBgn0000723","FER","CG8874","control_promoters"
"515","FBgn0001079","fu","CG6551","control_promoters"
"521","FBgn0001085","fz","CG17697","control_promoters"
"542","FBgn0001105","Gbeta13F","CG10545","control_promoters"
"573","FBgn0001137","grk","CG17610","control_promoters"
"574","FBgn0001138","grn","CG9656","control_promoters"
"586","FBgn0001148","gsb","CG3388","control_promoters"
"588","FBgn0001150","gt","CG7952","control_promoters"
"597","FBgn0001180","hb","CG9786","control_promoters"
"601","FBgn0001186","Hex-A","CG3001","control_promoters"
"628","FBgn0001223","Hsp22","CG4460","control_promoters"
"629","FBgn0001224","Hsp23","CG4463","control_promoters"
"632","FBgn0001225","Hsp26","CG4183","control_promoters"
"641","FBgn0001230","Hsp68","CG5436","control_promoters"
"649","FBgn0001235","hth","CG17117","control_promoters"
"676","FBgn0001258","Ldh","CG10160","control_promoters"
"681","FBgn0001269","inv","CG17835","control_promoters"
"700","FBgn0001311","kkv","CG2666","control_promoters"
"712","FBgn0001319","kn","CG10197","control_promoters"
"713","FBgn0001320","kni","CG4717","control_promoters"
"720","FBgn0001325","Kr","CG3340","control_promoters"
"726","FBgn0001404","egh","CG9659","control_promoters"
"757","FBgn0001981","esg","CG3758","control_promoters"
"760","FBgn0001987","Gli","CG3903","control_promoters"
"772","FBgn0001994","crp","CG7664","control_promoters"
"803","FBgn0002306","sas","CG2507","control_promoters"
"809","FBgn0002431","hyd","CG9484","control_promoters"
"814","FBgn0002522","lab","CG1264","control_promoters"
"834","FBgn0002561","l(1)sc","CG3839","control_promoters"
"853","FBgn0002573","sens","CG32120","control_promoters"
"863","FBgn0002592","E(spl)m2-BFM","CG6104","control_promoters"
"882","FBgn0002643","mam","CG8118","control_promoters"
"899","FBgn0002716","mei-W68","CG7753","control_promoters"
"906","FBgn0002733","E(spl)mbeta-HLH","CG14548","control_promoters"
"997","FBgn0002931","net","CG11450","control_promoters"
"1013","FBgn0002945","nkd","CG11614","control_promoters"
"1017","FBgn0002973","numb","CG3779","control_promoters"
"1020","FBgn0002985","odd","CG3851","control_promoters"
"1033","FBgn0003028","ovo","CG6824","control_promoters"
"1049","FBgn0003053","peb","CG12212","control_promoters"
"1084","FBgn0003090","pk","CG11084","control_promoters"
"1101","FBgn0003118","pnt","CG17077","control_promoters"
"1104","FBgn0003129","Poxm","CG9610","control_promoters"
"1110","FBgn0003137","Ppn","CG33103","control_promoters"
"1159","FBgn0003218","rdgB","CG11111","control_promoters"
"1191","FBgn0003277","RpII215","CG1554","control_promoters"
"1194","FBgn0003285","rst","CG4125","control_promoters"
"1196","FBgn0003292","rt","CG6097","control_promoters"
"1199","FBgn0003300","run","CG1849","control_promoters"
"1206","FBgn0003308","ry","CG7642","control_promoters"
"1208","FBgn0003310","S","CG4385","control_promoters"
"1218","FBgn0003326","sca","CG17579","control_promoters"
"1221","FBgn0003328","scb","CG8095","control_promoters"
"1227","FBgn0003345","sd","CG8544","control_promoters"
"1290","FBgn0003388","shd","CG13478","control_promoters"
"1291","FBgn0003390","shf","CG3135","control_promoters"
"1310","FBgn0003415","skd","CG9936","control_promoters"
"1327","FBgn0003430","slp1","CG16738","control_promoters"
"1330","FBgn0003435","sm","CG9218","control_promoters"
"1340","FBgn0003448","sna","CG3956","control_promoters"
"1345","FBgn0003459","stwl","CG3836","control_promoters"
"1349","FBgn0003463","sog","CG9224","control_promoters"
"1354","FBgn0003475","spir","CG10076","control_promoters"
"1367","FBgn0003499","sr","CG7847","control_promoters"
"1385","FBgn0003513","ss","CG6993","control_promoters"
"1413","FBgn0003598","Su(var)3-7","CG8599","control_promoters"
"1429","FBgn0003651","svp","CG11502","control_promoters"
"1481","FBgn0003862","trx","CG8651","control_promoters"
"1486","FBgn0003867","tsl","CG6705","control_promoters"
"1502","FBgn0003891","tud","CG9450","control_promoters"
"1503","FBgn0003892","ptc","CG2411","control_promoters"
"1504","FBgn0003896","tup","CG10619","control_promoters"
"1552","FBgn0003984","vn","CG10491","control_promoters"
"1555","FBgn0003997","hid","CG5123","control_promoters"
"1571","FBgn0004055","uzip","CG3533","control_promoters"
"1599","FBgn0004118","nAChRbeta2","CG6798","control_promoters"
"1608","FBgn0004168","5-HT1A","CG16720","control_promoters"
"1641","FBgn0004197","Ser","CG6127","control_promoters"
"1662","FBgn0004359","T48","CG5507","control_promoters"
"1664","FBgn0004360","Wnt2","CG1916","control_promoters"
"1684","FBgn0004370","Ptp10D","CG1817","control_promoters"
"1699","FBgn0004390","RasGAP1","CG6721","control_promoters"
"1705","FBgn0004394","pdm2","CG12287","control_promoters"
"1706","FBgn0004395","unk","CG4620","control_promoters"
"1711","FBgn0004396","CrebA","CG7450","control_promoters"
"1752","FBgn0004509","Fur1","CG10772","control_promoters"
"1770","FBgn0004567","slp2","CG2939","control_promoters"
"1771","FBgn0004569","aos","CG4531","control_promoters"
"1783","FBgn0004583","ex","CG4114","control_promoters"
"1806","FBgn0004606","zfh1","CG1322","control_promoters"
"1816","FBgn0004619","GluRIA","CG8442","control_promoters"
"1821","FBgn0004635","rho","CG1004","control_promoters"
"1836","FBgn0004647","N","CG3936","control_promoters"
"1889","FBgn0004795","retn","CG5403","control_promoters"
"1891","FBgn0004797","mdy","CG31991","control_promoters"
"1901","FBgn0004837","Su(H)","CG3497","control_promoters"
"1911","FBgn0004839","otk","CG8967","control_promoters"
"1913","FBgn0004841","TkR86C","CG6515","control_promoters"
"1916","FBgn0004852","Ac76E","CG7978","control_promoters"
"1917","FBgn0004854","B-H2","CG5488","control_promoters"
"1922","FBgn0004858","elB","CG4220","control_promoters"
"1928","FBgn0004861","ph-p","CG18412","control_promoters"
"1930","FBgn0004862","bap","CG7902","control_promoters"
"1948","FBgn0004876","cdi","CG6027","control_promoters"
"1951","FBgn0004880","scrt","CG1130","control_promoters"
"1961","FBgn0004885","tok","CG6863","control_promoters"
"1973","FBgn0004893","bowl","CG10021","control_promoters"
"2088","FBgn0005624","Psc","CG3886","control_promoters"
"2103","FBgn0005636","nvy","CG3385","control_promoters"
"2159","FBgn0005775","Con","CG7503","control_promoters"
"2166","FBgn0008636","hbn","CG33152","control_promoters"
"21811","FBgn0010051","Itp-r83A","CG1063","control_promoters"
"2195","FBgn0010109","dpn","CG8704","control_promoters"
"2197","FBgn0010113","hdc","CG15532","control_promoters"
"2199","FBgn0010114","hig","CG2040","control_promoters"
"2201","FBgn0010194","Wnt5","CG6407","control_promoters"
"2249","FBgn0010280","Taf4","CG5444","control_promoters"
"2261","FBgn0010300","brat","CG10719","control_promoters"
"2266","FBgn0010303","hep","CG4353","control_promoters"
"2272","FBgn0010313","corto","CG2530","control_promoters"
"2284","FBgn0010329","Tbh","CG1543","control_promoters"
"2323","FBgn0010383","Cyp18a1","CG6816","control_promoters"
"2329","FBgn0010389","htl","CG7223","control_promoters"
"2355","FBgn0010415","Sdc","CG10497","control_promoters"
"2371","FBgn0010434","cora","CG11949","control_promoters"
"2380","FBgn0010452","trn","CG11280","control_promoters"
"2381","FBgn0010453","Wnt4","CG4698","control_promoters"
"2387","FBgn0010473","tutl","CG15427","control_promoters"
"2398","FBgn0010497","dmGlut","CG5304","control_promoters"
"2448","FBgn0010762","simj","CG32067","control_promoters"
"2503","FBgn0011224","heph","CG31000","control_promoters"
"2524","FBgn0011230","poe","CG14472","control_promoters"
"2527","FBgn0011236","ken","CG5575","control_promoters"
"25311","FBgn0011259","Sema1a","CG18405","control_promoters"
"2550","FBgn0011278","lbe","CG6545","control_promoters"
"2575","FBgn0011300","babo","CG8224","control_promoters"
"2621","FBgn0011591","fng","CG10580","control_promoters"
"2663","FBgn0011666","msi","CG5099","control_promoters"
"2673","FBgn0011674","insc","CG11312","control_promoters"
"2685","FBgn0011701","repo","CG31240","control_promoters"
"2691","FBgn0011706","rpr","CG4319","control_promoters"
"2720","FBgn0011758","B-H1","CG5529","control_promoters"
"2746","FBgn0011817","nmo","CG7892","control_promoters"
"2749","FBgn0011818","oaf","CG9884","control_promoters"
"2766","FBgn0011837","Tis11","CG4070","control_promoters"
"2914","FBgn0013276","Hsp70Ab","CG18743","control_promoters"
"2941","FBgn0013343","Syx1A","CG31136","control_promoters"
"2956","FBgn0013563","Pex1","CG6760","control_promoters"
"3018","FBgn0013725","phyl","CG10108","control_promoters"
"3037","FBgn0013751","Awh","CG1072","control_promoters"
"3044","FBgn0013759","CASK","CG6703","control_promoters"
"3090","FBgn0013995","Calx","CG5685","control_promoters"
"3139","FBgn0014037","Su(Tpl)","CG32217","control_promoters"
"3149","FBgn0014135","bnl","CG4608","control_promoters"
"3156","FBgn0014143","croc","CG5069","control_promoters"
"3161","FBgn0014179","gcm","CG12245","control_promoters"
"3175","FBgn0014343","mirr","CG10601","control_promoters"
"3180","FBgn0014380","RhoL","CG9366","control_promoters"
"3181","FBgn0014388","sty","CG1921","control_promoters"
"3259","FBgn0015040","Cyp9c1","CG3616","control_promoters"
"3332","FBgn0015380","drl","CG17348","control_promoters"
"3338","FBgn0015396","jumu","CG4029","control_promoters"
"3339","FBgn0015399","kek1","CG12283","control_promoters"
"3342","FBgn0015402","ksr","CG2899","control_promoters"
"3396","FBgn0015589","Apc","CG1451","control_promoters"
"3400","FBgn0015600","toc","CG9660","control_promoters"
"3433","FBgn0015721","ktub","CG9398","control_promoters"
"3452","FBgn0015773","NetA","CG18657","control_promoters"
"3453","FBgn0015774","NetB","CG10521","control_promoters"
"3463","FBgn0015778","rin","CG9412","control_promoters"
"3514","FBgn0015946","grim","CG4345","control_promoters"
"3519","FBgn0016031","lama","CG10645","control_promoters"
"3550","FBgn0016076","vri","CG14029","control_promoters"
"3611","FBgn0016754","sba","CG13598","control_promoters"
"3615","FBgn0016794","dos","CG1044","control_promoters"
"3638","FBgn0016977","spen","CG18497","control_promoters"
"3691","FBgn0017590","klg","CG6669","control_promoters"
"3724","FBgn0019932","SamDC","CG5029","control_promoters"
"3735","FBgn0019968","Khc-73","CG8183","control_promoters"
"3738","FBgn0019982","Gs1l","CG15441","control_promoters"
"3767","FBgn0020257","Ppa","CG9952","control_promoters"
"3772","FBgn0020269","mspo","CG10145","control_promoters"
"3789","FBgn0020294","ko","CG10573","control_promoters"
"3795","FBgn0020300","geko","CG13695","control_promoters"
"3803","FBgn0020307","dve","CG5799","control_promoters"
"3869","FBgn0020493","Dad","CG5201","control_promoters"
"3898","FBgn0020545","kraken","CG3943","control_promoters"
"3923","FBgn0020622","Pi3K21B","CG2699","control_promoters"
"3938","FBgn0020647","KrT95D","CG5405","control_promoters"
"3946","FBgn0020762","Atet","CG2969","control_promoters"
"3951","FBgn0020767","Spred","CG10155","control_promoters"
"3963","FBgn0020912","Ptx1","CG1447","control_promoters"
"3977","FBgn0021764","sdk","CG5227","control_promoters"
"3988","FBgn0021800","Reph","CG3920","control_promoters"
"4087","FBgn0022936","CycH","CG7405","control_promoters"
"4109","FBgn0023001","melt","CG8624","control_promoters"
"4126","FBgn0023095","caps","CG11282","control_promoters"
"4153","FBgn0023215","Mnt","CG13316","control_promoters"
"4164","FBgn0023407","B4","CG9239","control_promoters"
"4262","FBgn0024189","sns","CG33141","control_promoters"
"4285","FBgn0024250","brk","CG9653","control_promoters"
"4324","FBgn0024329","Mekk1","CG7717","control_promoters"
"4349","FBgn0024510","dlt","CG32315","control_promoters"
"4402","FBgn0024944","Oamb","CG3856","control_promoters"
"4444","FBgn0025111","Ant2","CG1683","control_promoters"
"4487","FBgn0025455","CycT","CG6292","control_promoters"
"4499","FBgn0025525","bab2","CG9102","control_promoters"
"4532","FBgn0025628","CG4199","CG4199","control_promoters"
"4627","FBgn0025800","Smox","CG2262","control_promoters"
"4685","FBgn0026064","KP78a","CG6715","control_promoters"
"4739","FBgn0026160","tna","CG7958","control_promoters"
"4765","FBgn0026199","myo","CG1838","control_promoters"
"4821","FBgn0026374","Rhp","CG8497","control_promoters"
"4856","FBgn0026404","Dronc","CG8091","control_promoters"
"4860","FBgn0026411","Lim1","CG11354","control_promoters"
"4863","FBgn0026417","Hus1-like","CG2525","control_promoters"
"4903","FBgn0026575","hang","CG32575","control_promoters"
"4906","FBgn0026577","CG8677","CG8677","control_promoters"
"4920","FBgn0026616","alpha-Man-IIb","CG4606","control_promoters"
"5057","FBgn0027343","fz3","CG16785","control_promoters"
